question_id,pglm,modifier,person_first_to_third,person_third_to_first,fairness,delete,paraphrase,total
11,4,2,0,0,0,0,5,11
12,28,13,0,0,0,10,36,87
14,27,23,14,0,104,36,59,263
15,33,31,0,0,220,129,69,482
16,4,0,0,0,0,0,1,5
18,1,0,0,0,0,0,0,1
20,11,4,6,6,10,0,21,58
291,5,0,2,0,0,0,2,9
293,7,9,0,0,13,0,20,49
294,159,47,0,0,305,82,135,728
295,2,1,0,0,0,0,4,7
296,3,0,0,0,0,6,1,10
341,1,0,0,0,0,0,2,3
342,8,0,0,0,0,0,10,18
345,2,0,0,0,0,0,6,8
347,10,1,0,0,9,0,13,33
348,104,126,0,0,650,162,241,1283
349,24,6,0,0,27,1,27,85
350,4,0,1,0,0,1,1,7
351,2,0,0,0,0,0,1,3
352,3,0,0,0,0,0,5,8
359,0,0,0,0,0,0,0,0
