question_id,gen1,gen2,gen3,gen4,gen5,gen6,gen7,gen8,gen9,gen10,total
11,3,4,2,0,0,0,0,0,0,0,9
12,1,5,7,9,9,9,8,5,2,1,56
14,8,28,43,36,31,22,16,6,3,0,193
15,2,18,67,127,198,204,193,155,93,32,1089
16,2,4,2,1,0,0,0,0,0,0,9
18,0,0,0,0,0,0,0,0,0,0,0
20,3,8,27,39,58,73,59,37,9,1,314
291,5,5,3,2,0,0,0,0,0,0,15
293,2,8,6,0,0,0,0,0,0,0,16
294,5,12,35,55,65,83,79,73,51,27,485
295,3,4,3,5,3,4,2,0,0,0,24
296,5,9,8,3,0,0,0,0,0,0,25
341,3,8,18,9,6,2,0,0,0,0,46
342,7,9,6,0,0,0,0,0,0,0,22
345,4,2,1,0,0,0,0,0,0,0,7
347,5,9,6,2,0,0,0,0,0,0,22
348,10,39,80,140,175,163,138,91,58,45,939
349,2,7,16,19,10,7,0,0,0,0,61
350,2,2,0,0,0,0,0,0,0,0,4
351,1,1,0,0,0,0,0,0,0,0,2
352,2,5,4,3,0,0,0,0,0,0,14
359,7,19,15,12,7,3,1,0,0,0,64
